Top queries,Clicks,Impressions,CTR,Position
best seo company in santa monica,0,6,0%,89.5
seo services in beverly hills,0,4,0%,82.75
seo services beverly hills,0,4,0%,97.75
pasadena neighborhood seo services,0,3,0%,100
seo service for real estate san antonio tx,0,2,0%,87.5
seo miami dade,0,1,0%,11
best seo services in santa monica,0,1,0%,88
seo service real estate san antonio,0,1,0%,94
seo work flow,0,1,0%,99
beverly seo,0,1,0%,100
real estate workflow expert,0,1,0%,100
best seo companies santa monica,0,1,0%,101